{
    "loss": 0.17947927117347717,
    "accuracy": 0.9568965435028076
}