{
    "loss": 0.17044882476329803,
    "accuracy": 0.9568965435028076
}